<?xml version="1.0" encoding="UTF-8"?>
<project-private xmlns="http://www.netbeans.org/ns/project-private/1">
    <editor-bookmarks xmlns="http://www.netbeans.org/ns/editor-bookmarks/2" lastBookmarkId="0"/>
    <open-files xmlns="http://www.netbeans.org/ns/projectui-open-files/2">
        <group>
            <file>file:/C:/Users/Saelin/Documents/NetBeansProjects/SoftwareIProject/src/softwareiproject/Part.java</file>
            <file>file:/C:/Users/Saelin/Documents/NetBeansProjects/SoftwareIProject/src/softwareiproject/SoftwareIProject.java</file>
            <file>file:/C:/Users/Saelin/Documents/NetBeansProjects/SoftwareIProject/src/softwareiproject/AddPartPageFXMLController.java</file>
            <file>file:/C:/Users/Saelin/Documents/NetBeansProjects/SoftwareIProject/src/softwareiproject/CancelDialogue.java</file>
            <file>file:/C:/Users/Saelin/Documents/NetBeansProjects/SoftwareIProject/src/softwareiproject/Inventory.java</file>
            <file>file:/C:/Users/Saelin/Documents/NetBeansProjects/SoftwareIProject/src/softwareiproject/SelectedPartClass.java</file>
        </group>
    </open-files>
</project-private>
