<?xml version="1.0" encoding="UTF-8"?>
<project-private xmlns="http://www.netbeans.org/ns/project-private/1">
    <editor-bookmarks xmlns="http://www.netbeans.org/ns/editor-bookmarks/2" lastBookmarkId="0"/>
    <open-files xmlns="http://www.netbeans.org/ns/projectui-open-files/2">
        <group>
            <file>file:/C:/Users/Saelin/Documents/NetBeansProjects/SoftwareIIProject/src/softwareiiproject_mspen48/AppointmentDetails.java</file>
            <file>file:/C:/Users/Saelin/Documents/NetBeansProjects/SoftwareIIProject/src/softwareiiproject_mspen48/SoftwareIIProject.java</file>
            <file>file:/C:/Users/Saelin/Documents/NetBeansProjects/SoftwareIIProject/src/softwareiiproject_mspen48/FXMLDocument.fxml</file>
            <file>file:/C:/Users/Saelin/Documents/NetBeansProjects/SoftwareIIProject/src/softwareiiproject_mspen48/Appointments.fxml</file>
            <file>file:/C:/Users/Saelin/Documents/NetBeansProjects/SoftwareIIProject/src/softwareiiproject_mspen48/CustomerRecords.fxml</file>
            <file>file:/C:/Users/Saelin/Documents/NetBeansProjects/SoftwareIIProject/src/softwareiiproject_mspen48/FXMLDocumentController.java</file>
        </group>
    </open-files>
</project-private>
